{"cameraMode":{"drawMode":0,"name":"Shaded","section":"Shading Mode"},"sceneLighting":false,"audioPlay":false,"sceneViewState":{"showFog":true,"showMaterialUpdate":false,"showSkybox":false,"showFlares":true,"showImageEffects":true,"showParticleSystems":true,"showVisualEffectGraphs":true,"m_FxEnabled":true},"in2DMode":false,"pivot":{"x":0.006340622901916504,"y":1.2943058013916016,"z":1.5493742227554322},"rotation":{"x":0.7952299118041992,"y":0.09872555732727051,"z":0.5834410190582275,"w":-0.13316436111927033},"size":0.050000011920928958,"orthographic":false}