{"cameraMode":{"drawMode":0,"name":"Shaded","section":"Shading Mode"},"sceneLighting":false,"audioPlay":false,"sceneViewState":{"showFog":true,"showMaterialUpdate":false,"showSkybox":false,"showFlares":true,"showImageEffects":true,"showParticleSystems":true,"showVisualEffectGraphs":true,"m_FxEnabled":true},"in2DMode":false,"pivot":{"x":2.878685712814331,"y":3.9251351356506349,"z":-0.0008456505602225661},"rotation":{"x":-0.1940757781267166,"y":-0.5062374472618103,"z":-0.11811942607164383,"w":0.8319642543792725},"size":1.2247449159622193,"orthographic":false}