{"cameraMode":{"drawMode":0,"name":"Shaded","section":"Shading Mode"},"sceneLighting":false,"audioPlay":false,"sceneViewState":{"showFog":true,"showMaterialUpdate":false,"showSkybox":false,"showFlares":true,"showImageEffects":true,"showParticleSystems":true,"showVisualEffectGraphs":true,"m_FxEnabled":true},"in2DMode":false,"pivot":{"x":-0.12272664904594422,"y":1.2093210220336915,"z":3.533592700958252},"rotation":{"x":0.2581084966659546,"y":-0.041934020817279819,"z":0.011947926133871079,"w":0.9652923345565796},"size":1.7700215578079224,"orthographic":false}