{"cameraMode":{"drawMode":0,"name":"Shaded","section":"Shading Mode"},"sceneLighting":false,"audioPlay":false,"sceneViewState":{"showFog":true,"showMaterialUpdate":false,"showSkybox":false,"showFlares":true,"showImageEffects":true,"showParticleSystems":true,"showVisualEffectGraphs":true,"m_FxEnabled":true},"in2DMode":false,"pivot":{"x":0.00004966857159161009,"y":0.0000053260982895153578,"z":-0.000044125623389845714},"rotation":{"x":0.8569937348365784,"y":0.06760593503713608,"z":0.49810633063316347,"w":-0.11469539999961853},"size":0.000017320508050033823,"orthographic":false}