{"cameraMode":{"drawMode":0,"name":"Shaded","section":"Shading Mode"},"sceneLighting":false,"audioPlay":false,"sceneViewState":{"showFog":true,"showMaterialUpdate":false,"showSkybox":false,"showFlares":true,"showImageEffects":true,"showParticleSystems":true,"showVisualEffectGraphs":true,"m_FxEnabled":true},"in2DMode":false,"pivot":{"x":47.691062927246097,"y":7.517800331115723,"z":-18.425064086914064},"rotation":{"x":-0.052517104893922809,"y":-0.3152025043964386,"z":-0.016909845173358918,"w":0.9475564956665039},"size":0.000016797937860246748,"orthographic":false}